magnitud,RMSE,maximo_absoluto,valor_final,unidad
error_posicion_3d,0.34226712026460615,1.9196449762356247,0.5770146391430303,m
error_velocidad_3d,0.09317310245575608,0.3127366868053179,0.08300765936483709,m/s
error_angular,0.3136253090286412,1.58218305793,0.239601947873,grados
error_altura_m,0.11943029595634953,0.699208438396,-0.0342480495565,segun_sufijo
error_velocidad_m_s,0.04370766002633326,0.193282261491,-0.0632854495554,segun_sufijo
error_p_n_m,0.19983888011423245,1.8476549387,-0.303238501381,segun_sufijo
error_p_e_m,0.25089361892382706,0.886007666588,-0.489713565431,segun_sufijo
error_p_d_m,0.11943029595634953,0.699208438396,0.0342480495565,segun_sufijo
error_v_n_m_s,0.05057250960665799,0.254250526428,-0.0209417041441,segun_sufijo
error_v_e_m_s,0.06490985093449049,0.203585728612,-0.0494638091471,segun_sufijo
error_v_d_m_s,0.04370766002633326,0.193282261491,0.0632854495554,segun_sufijo
error_theta_x_rad,0.005067089460778585,0.0264412560892,-0.00367035517754,segun_sufijo
error_theta_y_rad,0.0015448043934002374,0.00980323158367,0.00196977485591,segun_sufijo
error_theta_z_rad,0.0013786251792595426,0.00799613164045,-0.000369174483197,segun_sufijo
error_ba_x_m_s2,0.021656703628918913,0.161593258381,0.00191227346659,segun_sufijo
error_ba_y_m_s2,0.028429915032518134,0.123739272356,0.00157443806529,segun_sufijo
error_ba_z_m_s2,0.015785979698335447,0.129798844457,0.00397198647261,segun_sufijo
error_bg_x_rad_s,0.0008462151526548515,0.00585764693096,0.000177517940756,segun_sufijo
error_bg_y_rad_s,0.0010015411448070057,0.00679343845695,-5.6927499827e-05,segun_sufijo
error_bg_z_rad_s,0.0005424397674390828,0.00494805769995,9.44151543081e-06,segun_sufijo
